SNP,CHR,BP,P,BETA,SE,A1,A2,FRQ_A_41917,FRQ_U_371549,range.left,range.right,,,,,,
rs2126180,1,61105668,1.62E-09,-0.024581979,0.0094,G,A,0.536,0.543,60890668,61129568,,,,,,
rs10737496,1,163745389,7.17E-09,0.023540522,0.0094,C,T,0.467,0.444,163581389,163813589,,,,,,
rs4619651,2,97416153,4.78E-11,0.028705424,0.0101,G,A,0.691,0.67,96396153,98357153,,,,,,
rs17183814,2,166152389,2.68E-08,0.044688681,0.0185,G,A,0.933,0.924,166152389,166337389,,,,,,
rs13417268,2,169481837,2.05E-08,0.026839573,0.011,C,G,0.768,0.758,169277837,169514837,,,,,,
rs2011302,2,193738336,4.25E-08,-0.022976401,0.0097,T,A,0.621,0.623,193377336,194063336,,,,,,
rs2719164,2,194437889,4.85E-08,0.022453117,0.0095,A,G,0.594,0.564,194017889,194749889,,,,,,
rs9834970,3,36856030,6.63E-19,-0.036046983,0.0093,T,C,0.487,0.519,36834130,37269030,,,,,,
rs2336147,3,52626443,3.62E-13,0.029400013,0.0093,T,C,0.504,0.498,52214443,53175443,,,,,,
rs115694474,3,70488788,2.35E-08,0.028750139,0.0119,T,A,0.812,0.799,70450188,70614788,,,,,,
rs696366,3,107757060,4.46E-08,0.022407749,0.0094,C,A,0.558,0.55,107753300,107945060,,,,,,
rs112481526,4,123076007,1.86E-09,-0.027403789,0.0105,A,G,0.72,0.744,123000007,123559007,,,,,,
rs28565152,5,7542911,1.96E-09,-0.029141943,0.0112,G,A,0.743,0.762,7493211,7614011,,,,,,
rs6865469,5,78849505,1.65E-08,-0.025276508,0.0103,G,T,0.711,0.726,78800105,78976505,,,,,,
rs6887473,5,80961069,8.81E-09,0.026189942,0.0105,G,A,0.727,0.739,80727069,80990869,,,,,,
rs10043984,5,137712121,3.71E-08,-0.025755506,0.0108,C,T,0.741,0.764,137673121,137837121,,,,,,
rs10866641,5,169289206,2.79E-11,0.027186462,0.0094,T,C,0.578,0.575,169172206,169348806,,,,,,
rs13195402,6,26463575,5.75E-15,0.05923767,0.0175,G,T,0.923,0.919,25183575,29463575,,,,,,
rs1487445,6,98565211,1.48E-15,-0.032222769,0.0093,C,T,0.502,0.513,98224211,98781211,,,,,,
rs4331993,6,152793572,1.98E-08,-0.023755512,0.0097,T,A,0.634,0.618,152707072,152835772,,,,,,
rs10455979,6,166995260,4.22E-09,-0.024145592,0.0095,C,G,0.512,0.5,166969960,167023260,,,,,,
rs12668848,7,2020995,1.90E-09,0.024756504,0.0095,G,A,0.595,0.575,1861995,2344995,,,,,,
rs113779084,7,11871787,1.42E-13,-0.032789107,0.0102,G,A,0.686,0.701,11854987,12023787,,,,,,
rs6954854,7,21492589,5.94E-10,0.025318156,0.0094,G,A,0.436,0.425,21451289,21556989,,,,,,
rs12672003,7,24647222,2.72E-09,-0.039952783,0.0155,A,G,0.883,0.887,24499222,24845222,,,,,,
rs11764361,7,105043229,3.47E-09,0.026708908,0.0104,A,G,0.671,0.668,104455229,105048159,,,,,,
rs6946056,7,131870597,3.66E-08,-0.023104629,0.0097,A,C,0.382,0.377,131859097,131929697,,,,,,
rs10255167,7,140676153,1.60E-08,-0.028835523,0.0118,G,A,0.215,0.222,140244153,140807153,,,,,,
rs62489493,8,9763581,2.64E-11,-0.038954033,0.0135,C,G,0.856,0.872,8313581,11453581,,,,,,
rs3088186,8,10226355,2.08E-08,-0.024623343,0.0101,C,T,0.686,0.713,8096355,11826355,,,,,,
rs2953928,8,34152492,6.25E-09,-0.050419726,0.02,G,A,0.941,0.933,33405492,35162492,,,,,,
rs6992333,8,144993377,1.62E-09,-0.026142775,0.01,A,G,0.568,0.59,144973177,145099377,,,,,,
rs10973201,9,37090538,2.45E-08,-0.04169419,0.0172,T,C,0.882,0.89,37003738,37411538,,,,,,
rs62581014,9,141066490,2.77E-08,-0.028316032,0.0117,C,T,0.62,0.634,140992090,141076890,,,,,,
rs1998820,10,18751103,0.000000041,0.036349388,0.0152,T,A,0.899,0.886,18602103,18782803,,,,,,
rs10994415,10,62322034,1.14E-11,-0.051288804,0.0174,T,C,0.912,0.918,62048034,62384334,,,,,,
rs10761661,10,64525135,4.65E-08,-0.022235253,0.0094,C,T,0.54,0.528,64387135,64630135,,,,,,
rs2273738,10,111648659,1.63E-11,-0.039824243,0.0136,C,T,0.847,0.865,111530659,112015659,,,,,,
rs174592,11,61618608,9.92E-14,-0.031269621,0.0097,A,G,0.619,0.605,61521308,61658808,,,,,,
rs4672,11,64009879,3.42E-09,-0.04416799,0.0172,G,A,0.916,0.917,63810879,64176879,,,,,,
rs475805,11,65848738,1.99E-09,-0.029095502,0.0112,G,A,0.228,0.233,65785738,66060738,,,,,,
rs678397,11,66324583,5.46E-09,0.023668031,0.0093,T,C,0.467,0.457,66064583,66832583,,,,,,
rs12575685,11,70517927,1.24E-10,-0.028316032,0.0101,G,A,0.674,0.673,70492827,70630927,,,,,,
rs12289486,11,79092527,3.30E-08,-0.035872423,0.0149,C,T,0.888,0.885,79057127,79191427,,,,,,
rs11062170,12,2348844,1.87E-15,-0.033830098,0.0098,G,C,0.652,0.667,2274044,2440444,,,,,,
rs35306827,13,113869045,3.56E-09,0.028620047,0.0112,G,A,0.773,0.775,113800645,113989045,,,,,,
rs2693698,14,99719219,1.96E-08,-0.023017613,0.0094,A,G,0.44,0.449,99667219,99733919,,,,,,
rs35958438,15,38973793,3.83E-08,0.027883482,0.0117,G,A,0.782,0.772,38927093,39007193,,,,,,
rs4447398,15,42904904,2.61E-09,0.035697837,0.0138,A,C,0.137,0.131,42439904,43377904,,,,,,
rs62011709,15,83531774,1.43E-08,0.027015093,0.011,T,A,0.771,0.747,82511774,84027774,,,,,,
rs748455,15,85149575,5.01E-11,0.029314772,0.0103,T,C,0.714,0.719,84641575,85392575,,,,,,
rs4702,15,91426560,3.52E-09,0.024883657,0.0097,G,A,0.457,0.446,91416560,91431520,,,,,,
rs28455634,16,9230816,2.63E-10,0.027272121,0.0099,G,A,0.626,0.62,9130816,9238386,,,,,,
rs7199910,16,9926348,1.66E-08,-0.024191507,0.0099,T,G,0.65,0.688,9800348,10047348,,,,,,
rs12932628,16,89632725,6.71E-09,-0.024756656,0.0098,G,T,0.523,0.513,89385725,89656625,,,,,,
rs4790841,17,1835482,3.14E-08,-0.03166184,0.0132,C,T,0.834,0.849,1816782,1866882,,,,,,
rs11870683,17,38129841,2.79E-08,0.024883657,0.0103,T,A,0.657,0.65,37830841,38218841,,,,,,
rs61554907,17,38220432,1.64E-08,-0.037696974,0.0154,G,T,0.887,0.876,37949432,38481432,,,,,,
rs228768,17,42191893,2.83E-10,0.027969004,0.0102,G,T,0.322,0.294,42090893,42333893,,,,,,
rs67712855,20,43682551,4.22E-11,0.029400013,0.0103,T,G,0.705,0.687,43592251,43772251,,,,,,
rs6032110,20,43944323,1.01E-09,0.024928767,0.0094,A,G,0.537,0.512,43750323,43970423,,,,,,
rs237460,20,48033127,4.25E-09,-0.024017056,0.0094,C,T,0.563,0.588,48007227,48130327,,,,,,
rs13044225,20,60865815,8.50E-09,-0.023755512,0.0095,A,G,0.528,0.56,60781515,60886615,,,,,,
rs5758064,22,41153879,2.01E-08,0.022758194,0.0093,T,C,0.524,0.523,40876879,41587879,,,,,,