CHR	BP	RSID	locus	locus_start	locus_end	file	chrom	beginning	end
1	109888432	rs141749679	SORT1	108888432	110888432	chr1_109000001_112000001	chr1	109000001	112000001
1	207750568	rs679515	CR1	206750568	208750568	chr1_207000001_210000001	chr1	207000001	210000001
2	9699011	rs72777026	ADAM17	8699011	10699011	chr2_9000001_12000001	chr2	9000001	12000001
2	37531939	rs17020490	PRKD3	36531939	38531939	chr2_37000001_40000001	chr2	37000001	40000001
2	106366056	rs143080277	NCK2	105366056	107366056	chr2_106000001_109000001	chr2	106000001	109000001
2	127892810	rs6733839	BIN1	126892810	128892810	chr2_127000001_130000001	chr2	127000001	130000001
2	203743439	rs139643391	WDR12	202743439	204743439	chr2_203000001_206000001	chr2	203000001	206000001
2	233981912	rs10933431	INPP5D	232981912	234981912	chr2_233000001_236000001	chr2	233000001	236000001
3	154801978	rs61762319	MME	153801978	155801978	chr3_154000001_157000001	chr3	154000001	157000001
4	987343	rs3822030	IDUA	-12657	1987343	chr4_1_3000001	chr4	1	3000001
4	11025131	rs6846529	CLNK	10025131	12025131	chr4_11000001_14000001	chr4	11000001	14000001
4	40198846	rs2245466	RHOH	39198846	41198846	chr4_40000001_43000001	chr4	40000001	43000001
5	14724413	rs112403360	ANKH	13724413	15724413	chr5_14000001_17000001	chr5	14000001	17000001
5	86223195	rs62374257	COX7C	85223195	87223195	chr5_86000001_89000001	chr5	86000001	89000001
5	150432388	rs871269	TNIP1	149432388	151432388	chr5_150000001_153000001	chr5	150000001	153000001
5	179628150	rs113706587	RASGEF1C	178628150	180628150	chr5_179000001_182000001	chr5	179000001	182000001
6	32583099	rs6605556	HLA-DQA1	31583099	33583099	chr6_32000001_35000001	chr6	32000001	35000001
6	41129252	rs75932628	TREM2	40129252	42129252	chr6_41000001_44000001	chr6	41000001	44000001
6	47485126	rs7767350	CD2AP	46485126	48485126	chr6_47000001_50000001	chr6	47000001	50000001
6	114612895	rs785129	HS3ST5	113612895	115612895	chr6_114000001_117000001	chr6	114000001	117000001
7	7856894	rs6943429	UMAD1	6856894	8856894	chr7_7000001_10000001	chr7	7000001	10000001
7	8244012	rs10952097	ICA1	7244012	9244012	chr7_8000001_11000001	chr7	8000001	11000001
7	12269593	rs13237518	TMEM106B	11269593	13269593	chr7_12000001_15000001	chr7	12000001	15000001
7	28168745	rs1160871	JAZF1	27168745	29168745	chr7_28000001_31000001	chr7	28000001	31000001
7	37883793	rs6966331	EPDR1	36883793	38883793	chr7_37000001_40000001	chr7	37000001	40000001
7	54941328	rs76928645	SEC61G	53941328	55941328	chr7_54000001_57000001	chr7	54000001	57000001
7	99932049	rs7384878	SPDYE3	98932049	100932049	chr7_99000001_102000001	chr7	99000001	102000001
7	143110762	rs11771145	EPHA1	142110762	144110762	chr7_143000001_146000001	chr7	143000001	146000001
8	11702122	rs1065712	CTSB	10702122	12702122	chr8_11000001_14000001	chr8	11000001	14000001
8	27219987	rs73223431	PTK2B	26219987	28219987	chr8_27000001_30000001	chr8	27000001	30000001
8	27465312	rs11787077	CLU	26465312	28465312	chr8_27000001_30000001	chr8	27000001	30000001
8	145158607	rs34173062	SHARPIN	144158607	146158607	chr8_145000001_148000001	chr8	145000001	148000001
9	107665978	rs1800978	ABCA1	106665978	108665978	chr9_107000001_110000001	chr9	107000001	110000001
10	11718713	rs7912495	ECHDC3	10718713	12718713	chr10_11000001_14000001	chr10	11000001	14000001
10	61784928	rs7068231	ANK3	60784928	62784928	chr10_61000001_64000001	chr10	61000001	64000001
10	82253984	rs6586028	TSPAN14	81253984	83253984	chr10_82000001_85000001	chr10	82000001	85000001
10	98026407	rs6584063	BLNK	97026407	99026407	chr10_98000001_101000001	chr10	98000001	101000001
10	124172912	rs7908662	PLEKHA1	123172912	125172912	chr10_124000001_127000001	chr10	124000001	127000001
11	47391948	rs10437655	SPI1	46391948	48391948	chr11_47000001_50000001	chr11	47000001	50000001
11	60021948	rs1582763	MS4A6A	59021948	61021948	chr11_60000001_63000001	chr11	60000001	63000001
11	85868640	rs3851179	PICALM	84868640	86868640	chr11_85000001_88000001	chr11	85000001	88000001
11	121435587	rs11218343	SORL1	120435587	122435587	chr11_121000001_124000001	chr11	121000001	124000001
12	113719788	rs6489896	TPCN1	112719788	114719788	chr12_113000001_116000001	chr12	113000001	116000001
14	53391680	rs17125924	FERMT2	52391680	54391680	chr14_53000001_56000001	chr14	53000001	56000001
14	92938855	rs12590654	SLC4A4	91938855	93938855	chr14_92000001_95000001	chr14	92000001	95000001
14	107121607	rs10131280	IGH_cluster	106121607	108121607	chr14_107000001_110000001	chr14	107000001	110000001
15	50994011	rs8025980	SPPL2A	49994011	51994011	chr15_50000001_53000001	chr15	50000001	53000001
15	59057023	rs602602	MINDY2	58057023	60057023	chr15_59000001_62000001	chr15	59000001	62000001
15	63569902	rs117618017	APH1B	62569902	64569902	chr15_63000001_66000001	chr15	63000001	66000001
15	64423506	rs3848143	SNX1	63423506	65423506	chr15_64000001_67000001	chr15	64000001	67000001
15	79229199	rs12592898	CTSH	78229199	80229199	chr15_79000001_82000001	chr15	79000001	82000001
16	30021402	rs1140239	DOC2A	29021402	31021402	chr16_30000001_33000001	chr16	30000001	33000001
16	31122571	rs889555	KAT8	30122571	32122571	chr16_31000001_34000001	chr16	31000001	34000001
16	70694000	rs4985556	IL34	69694000	71694000	chr16_70000001_73000001	chr16	70000001	73000001
16	79608408	rs450674	MAF	78608408	80608408	chr16_79000001_82000001	chr16	79000001	82000001
16	81773003	rs12446759	PLCG2	80773003	82773003	chr16_81000001_84000001	chr16	81000001	84000001
16	86454210	rs16941239	FOXF1	85454210	87454210	chr16_86000001_89000001	chr16	86000001	89000001
16	90170095	rs56407236	PRDM7	89170095	91170095	chr16_90000001_93000001	chr16	90000001	93000001
17	1631340	rs35048651	WDR81	631340	2631340	chr17_1000001_4000001	chr17	1000001	4000001
17	5137047	rs7225151	SCIMP	4137047	6137047	chr17_5000001_8000001	chr17	5000001	8000001
17	18059454	rs2242595	MYO15A	17059454	19059454	chr17_18000001_21000001	chr17	18000001	21000001
17	42430244	rs5848	GRN	41430244	43430244	chr17_42000001_45000001	chr17	42000001	45000001
17	47297297	rs616338	ABI3	46297297	48297297	chr17_47000001_50000001	chr17	47000001	50000001
17	56410041	rs2526377	TSPOAP1	55410041	57410041	chr17_56000001_59000001	chr17	56000001	59000001
17	61548918	rs4277405	ACE	60548918	62548918	chr17_61000001_64000001	chr17	61000001	64000001
19	1050874	rs12151021	ABCA7	50874	2050874	chr19_1000001_4000001	chr19	1000001	4000001
19	1854253	rs149080927	KLF16	854253	2854253	chr19_1000001_4000001	chr19	1000001	4000001
19	50453317	rs9304690	SIGLEC11	49453317	51453317	chr19_50000001_53000001	chr19	50000001	53000001
19	54771451	rs587709	LILRB2	53771451	55771451	chr19_54000001_57000001	chr19	54000001	57000001
20	393978	rs1358782	RBCK1	-606022	1393978	chr20_1_3000001	chr20	1	3000001
20	54998544	rs6014724	CASS4	53998544	55998544	chr20_54000001_57000001	chr20	54000001	57000001
20	62374441	rs6742	SLC2A4RG	61374441	63374441	chr20_62000001_65000001	chr20	62000001	65000001
21	27473875	rs2154481	APP	26473875	28473875	chr21_27000001_30000001	chr21	27000001	30000001
21	28148191	rs2830489	ADAMTS1	27148191	29148191	chr21_28000001_31000001	chr21	28000001	31000001
