chrom_orig	chrom	BP	beginning	end	file	SNP	P	BETA	SE	A1	A2	FRQ_A_41917	FRQ_U_371549	range.left	range.right
1	chr1	61105668	61000001	64000001	chr1_61000001_64000001	rs2126180	1.62e-9	-0.024581979	0.0094	G	A	0.536	0.543	60890668	61129568
1	chr1	163745389	163000001	166000001	chr1_163000001_166000001	rs10737496	7.17e-9	0.023540522	0.0094	C	T	0.467	0.444	163581389	163813589
2	chr2	97416153	97000001	100000001	chr2_97000001_100000001	rs4619651	4.78e-11	0.028705424	0.0101	G	A	0.691	0.67	96396153	98357153
2	chr2	166152389	166000001	169000001	chr2_166000001_169000001	rs17183814	2.68e-8	0.044688681	0.0185	G	A	0.933	0.924	166152389	166337389
2	chr2	169481837	169000001	172000001	chr2_169000001_172000001	rs13417268	2.05e-8	0.026839573	0.011	C	G	0.768	0.758	169277837	169514837
2	chr2	193738336	193000001	196000001	chr2_193000001_196000001	rs2011302	4.25e-8	-0.022976401	0.0097	T	A	0.621	0.623	193377336	194063336
2	chr2	194437889	194000001	197000001	chr2_194000001_197000001	rs2719164	4.85e-8	0.022453117	0.0095	A	G	0.594	0.564	194017889	194749889
3	chr3	36856030	36000001	39000001	chr3_36000001_39000001	rs9834970	6.63e-19	-0.036046983	0.0093	T	C	0.487	0.519	36834130	37269030
3	chr3	52626443	52000001	55000001	chr3_52000001_55000001	rs2336147	3.62e-13	0.029400013	0.0093	T	C	0.504	0.498	52214443	53175443
3	chr3	70488788	70000001	73000001	chr3_70000001_73000001	rs115694474	2.35e-8	0.028750139	0.0119	T	A	0.812	0.799	70450188	70614788
3	chr3	107757060	107000001	110000001	chr3_107000001_110000001	rs696366	4.46e-8	0.022407749	0.0094	C	A	0.558	0.55	107753300	107945060
4	chr4	123076007	123000001	126000001	chr4_123000001_126000001	rs112481526	1.86e-9	-0.027403789	0.0105	A	G	0.72	0.744	123000007	123559007
5	chr5	7542911	7000001	10000001	chr5_7000001_10000001	rs28565152	1.96e-9	-0.029141943	0.0112	G	A	0.743	0.762	7493211	7614011
5	chr5	78849505	78000001	81000001	chr5_78000001_81000001	rs6865469	1.65e-8	-0.025276508	0.0103	G	T	0.711	0.726	78800105	78976505
5	chr5	80961069	80000001	83000001	chr5_80000001_83000001	rs6887473	8.81e-9	0.026189942	0.0105	G	A	0.727	0.739	80727069	80990869
5	chr5	137712121	137000001	140000001	chr5_137000001_140000001	rs10043984	3.71e-8	-0.025755506	0.0108	C	T	0.741	0.764	137673121	137837121
5	chr5	169289206	169000001	172000001	chr5_169000001_172000001	rs10866641	2.79e-11	0.027186462	0.0094	T	C	0.578	0.575	169172206	169348806
6	chr6	26463575	26000001	29000001	chr6_26000001_29000001	rs13195402	5.75e-15	0.05923767	0.0175	G	T	0.923	0.919	25183575	29463575
6	chr6	98565211	98000001	101000001	chr6_98000001_101000001	rs1487445	1.48e-15	-0.032222769	0.0093	C	T	0.502	0.513	98224211	98781211
6	chr6	152793572	152000001	155000001	chr6_152000001_155000001	rs4331993	1.98e-8	-0.023755512	0.0097	T	A	0.634	0.618	152707072	152835772
6	chr6	166995260	166000001	169000001	chr6_166000001_169000001	rs10455979	4.22e-9	-0.024145592	0.0095	C	G	0.512	0.5	166969960	167023260
7	chr7	2020995	2000001	5000001	chr7_2000001_5000001	rs12668848	1.9e-9	0.024756504	0.0095	G	A	0.595	0.575	1861995	2344995
7	chr7	11871787	11000001	14000001	chr7_11000001_14000001	rs113779084	1.42e-13	-0.032789107	0.0102	G	A	0.686	0.701	11854987	12023787
7	chr7	21492589	21000001	24000001	chr7_21000001_24000001	rs6954854	5.94e-10	0.025318156	0.0094	G	A	0.436	0.425	21451289	21556989
7	chr7	24647222	24000001	27000001	chr7_24000001_27000001	rs12672003	2.72e-9	-0.039952783	0.0155	A	G	0.883	0.887	24499222	24845222
7	chr7	105043229	105000001	108000001	chr7_105000001_108000001	rs11764361	3.47e-9	0.026708908	0.0104	A	G	0.671	0.668	104455229	105048159
7	chr7	131870597	131000001	134000001	chr7_131000001_134000001	rs6946056	3.66e-8	-0.023104629	0.0097	A	C	0.382	0.377	131859097	131929697
7	chr7	140676153	140000001	143000001	chr7_140000001_143000001	rs10255167	1.6e-8	-0.028835523	0.0118	G	A	0.215	0.222	140244153	140807153
8	chr8	9763581	9000001	12000001	chr8_9000001_12000001	rs62489493	2.64e-11	-0.038954033	0.0135	C	G	0.856	0.872	8313581	11453581
8	chr8	10226355	10000001	13000001	chr8_10000001_13000001	rs3088186	2.08e-8	-0.024623343	0.0101	C	T	0.686	0.713	8096355	11826355
8	chr8	34152492	34000001	37000001	chr8_34000001_37000001	rs2953928	6.25e-9	-0.050419726	0.02	G	A	0.941	0.933	33405492	35162492
8	chr8	144993377	144000001	147000001	chr8_144000001_147000001	rs6992333	1.62e-9	-0.026142775	0.01	A	G	0.568	0.59	144973177	145099377
9	chr9	37090538	37000001	40000001	chr9_37000001_40000001	rs10973201	2.45e-8	-0.04169419	0.0172	T	C	0.882	0.89	37003738	37411538
9	chr9	141066490	141000001	144000001	chr9_141000001_144000001	rs62581014	2.77e-8	-0.028316032	0.0117	C	T	0.62	0.634	140992090	141076890
10	chr10	18751103	18000001	21000001	chr10_18000001_21000001	rs1998820	4.1e-8	0.036349388	0.0152	T	A	0.899	0.886	18602103	18782803
10	chr10	62322034	62000001	65000001	chr10_62000001_65000001	rs10994415	1.14e-11	-0.051288804	0.0174	T	C	0.912	0.918	62048034	62384334
10	chr10	64525135	64000001	67000001	chr10_64000001_67000001	rs10761661	4.65e-8	-0.022235253	0.0094	C	T	0.54	0.528	64387135	64630135
10	chr10	111648659	111000001	114000001	chr10_111000001_114000001	rs2273738	1.63e-11	-0.039824243	0.0136	C	T	0.847	0.865	111530659	112015659
11	chr11	61618608	61000001	64000001	chr11_61000001_64000001	rs174592	9.92e-14	-0.031269621	0.0097	A	G	0.619	0.605	61521308	61658808
11	chr11	64009879	64000001	67000001	chr11_64000001_67000001	rs4672	3.42e-9	-0.04416799	0.0172	G	A	0.916	0.917	63810879	64176879
11	chr11	65848738	65000001	68000001	chr11_65000001_68000001	rs475805	1.99e-9	-0.029095502	0.0112	G	A	0.228	0.233	65785738	66060738
11	chr11	66324583	66000001	69000001	chr11_66000001_69000001	rs678397	5.46e-9	0.023668031	0.0093	T	C	0.467	0.457	66064583	66832583
11	chr11	70517927	70000001	73000001	chr11_70000001_73000001	rs12575685	1.24e-10	-0.028316032	0.0101	G	A	0.674	0.673	70492827	70630927
11	chr11	79092527	79000001	82000001	chr11_79000001_82000001	rs12289486	3.3e-8	-0.035872423	0.0149	C	T	0.888	0.885	79057127	79191427
12	chr12	2348844	2000001	5000001	chr12_2000001_5000001	rs11062170	1.87e-15	-0.033830098	0.0098	G	C	0.652	0.667	2274044	2440444
13	chr13	113869045	113000001	116000001	chr13_113000001_116000001	rs35306827	3.56e-9	0.028620047	0.0112	G	A	0.773	0.775	113800645	113989045
14	chr14	99719219	99000001	102000001	chr14_99000001_102000001	rs2693698	1.96e-8	-0.023017613	0.0094	A	G	0.44	0.449	99667219	99733919
15	chr15	38973793	38000001	41000001	chr15_38000001_41000001	rs35958438	3.83e-8	0.027883482	0.0117	G	A	0.782	0.772	38927093	39007193
15	chr15	42904904	42000001	45000001	chr15_42000001_45000001	rs4447398	2.61e-9	0.035697837	0.0138	A	C	0.137	0.131	42439904	43377904
15	chr15	83531774	83000001	86000001	chr15_83000001_86000001	rs62011709	1.43e-8	0.027015093	0.011	T	A	0.771	0.747	82511774	84027774
15	chr15	85149575	85000001	88000001	chr15_85000001_88000001	rs748455	5.01e-11	0.029314772	0.0103	T	C	0.714	0.719	84641575	85392575
15	chr15	91426560	91000001	94000001	chr15_91000001_94000001	rs4702	3.52e-9	0.024883657	0.0097	G	A	0.457	0.446	91416560	91431520
16	chr16	9230816	9000001	12000001	chr16_9000001_12000001	rs28455634	2.63e-10	0.027272121	0.0099	G	A	0.626	0.62	9130816	9238386
16	chr16	9926348	9000001	12000001	chr16_9000001_12000001	rs7199910	1.66e-8	-0.024191507	0.0099	T	G	0.65	0.688	9800348	10047348
16	chr16	89632725	89000001	92000001	chr16_89000001_92000001	rs12932628	6.71e-9	-0.024756656	0.0098	G	T	0.523	0.513	89385725	89656625
17	chr17	1835482	1000001	4000001	chr17_1000001_4000001	rs4790841	3.14e-8	-0.03166184	0.0132	C	T	0.834	0.849	1816782	1866882
17	chr17	38129841	38000001	41000001	chr17_38000001_41000001	rs11870683	2.79e-8	0.024883657	0.0103	T	A	0.657	0.65	37830841	38218841
17	chr17	38220432	38000001	41000001	chr17_38000001_41000001	rs61554907	1.64e-8	-0.037696974	0.0154	G	T	0.887	0.876	37949432	38481432
17	chr17	42191893	42000001	45000001	chr17_42000001_45000001	rs228768	2.83e-10	0.027969004	0.0102	G	T	0.322	0.294	42090893	42333893
20	chr20	43682551	43000001	46000001	chr20_43000001_46000001	rs67712855	4.22e-11	0.029400013	0.0103	T	G	0.705	0.687	43592251	43772251
20	chr20	43944323	43000001	46000001	chr20_43000001_46000001	rs6032110	1.01e-9	0.024928767	0.0094	A	G	0.537	0.512	43750323	43970423
20	chr20	48033127	48000001	51000001	chr20_48000001_51000001	rs237460	4.25e-9	-0.024017056	0.0094	C	T	0.563	0.588	48007227	48130327
20	chr20	60865815	60000001	63000001	chr20_60000001_63000001	rs13044225	8.5e-9	-0.023755512	0.0095	A	G	0.528	0.56	60781515	60886615
22	chr22	41153879	41000001	44000001	chr22_41000001_44000001	rs5758064	2.01e-8	0.022758194	0.0093	T	C	0.524	0.523	40876879	41587879
