CHR	BP	RSID	locus	locus_start	locus_end	chrom	beginning	end
5	137712121	rs10043984	locus_chr5_rs10043984	136712121	138712121	chr5	137000001	140000001
7	140676153	rs10255167	locus_chr7_rs10255167	139676153	141676153	chr7	140000001	143000001
6	166995260	rs10455979	locus_chr6_rs10455979	165995260	167995260	chr6	166000001	169000001
1	163745389	rs10737496	locus_chr1_rs10737496	162745389	164745389	chr1	163000001	166000001
10	64525135	rs10761661	locus_chr10_rs10761661	63525135	65525135	chr10	64000001	67000001
5	169289206	rs10866641	locus_chr5_rs10866641	168289206	170289206	chr5	169000001	172000001
9	37090538	rs10973201	locus_chr9_rs10973201	36090538	38090538	chr9	37000001	40000001
10	62322034	rs10994415	locus_chr10_rs10994415	61322034	63322034	chr10	62000001	65000001
12	2348844	rs11062170	locus_chr12_rs11062170	1348844	3348844	chr12	2000001	5000001
4	123076007	rs112481526	locus_chr4_rs112481526	122076007	124076007	chr4	123000001	126000001
7	11871787	rs113779084	locus_chr7_rs113779084	10871787	12871787	chr7	11000001	14000001
3	70488788	rs115694474	locus_chr3_rs115694474	69488788	71488788	chr3	70000001	73000001
7	105043229	rs11764361	locus_chr7_rs11764361	104043229	106043229	chr7	105000001	108000001
17	38129841	rs11870683	locus_chr17_rs11870683	37129841	39129841	chr17	38000001	41000001
11	79092527	rs12289486	locus_chr11_rs12289486	78092527	80092527	chr11	79000001	82000001
11	70517927	rs12575685	locus_chr11_rs12575685	69517927	71517927	chr11	70000001	73000001
7	2020995	rs12668848	locus_chr7_rs12668848	1020995	3020995	chr7	2000001	5000001
7	24647222	rs12672003	locus_chr7_rs12672003	23647222	25647222	chr7	24000001	27000001
16	89632725	rs12932628	locus_chr16_rs12932628	88632725	90632725	chr16	89000001	92000001
20	60865815	rs13044225	locus_chr20_rs13044225	59865815	61865815	chr20	60000001	63000001
6	26463575	rs13195402	locus_chr6_rs13195402	25463575	27463575	chr6	26000001	29000001
2	169481837	rs13417268	locus_chr2_rs13417268	168481837	170481837	chr2	169000001	172000001
6	98565211	rs1487445	locus_chr6_rs1487445	97565211	99565211	chr6	98000001	101000001
2	166152389	rs17183814	locus_chr2_rs17183814	165152389	167152389	chr2	166000001	169000001
11	61618608	rs174592	locus_chr11_rs174592	60618608	62618608	chr11	61000001	64000001
10	18751103	rs1998820	locus_chr10_rs1998820	17751103	19751103	chr10	18000001	21000001
2	193738336	rs2011302	locus_chr2_rs2011302	192738336	194738336	chr2	193000001	196000001
1	61105668	rs2126180	locus_chr1_rs2126180	60105668	62105668	chr1	61000001	64000001
10	111648659	rs2273738	locus_chr10_rs2273738	110648659	112648659	chr10	111000001	114000001
17	42191893	rs228768	locus_chr17_rs228768	41191893	43191893	chr17	42000001	45000001
3	52626443	rs2336147	locus_chr3_rs2336147	51626443	53626443	chr3	52000001	55000001
20	48033127	rs237460	locus_chr20_rs237460	47033127	49033127	chr20	48000001	51000001
14	99719219	rs2693698	locus_chr14_rs2693698	98719219	100719219	chr14	99000001	102000001
2	194437889	rs2719164	locus_chr2_rs2719164	193437889	195437889	chr2	194000001	197000001
16	9230816	rs28455634	locus_chr16_rs28455634	8230816	10230816	chr16	9000001	12000001
5	7542911	rs28565152	locus_chr5_rs28565152	6542911	8542911	chr5	7000001	10000001
8	34152492	rs2953928	locus_chr8_rs2953928	33152492	35152492	chr8	34000001	37000001
8	10226355	rs3088186	locus_chr8_rs3088186	9226355	11226355	chr8	10000001	13000001
13	113869045	rs35306827	locus_chr13_rs35306827	112869045	114869045	chr13	113000001	116000001
15	38973793	rs35958438	locus_chr15_rs35958438	37973793	39973793	chr15	38000001	41000001
6	152793572	rs4331993	locus_chr6_rs4331993	151793572	153793572	chr6	152000001	155000001
15	42904904	rs4447398	locus_chr15_rs4447398	41904904	43904904	chr15	42000001	45000001
2	97416153	rs4619651	locus_chr2_rs4619651	96416153	98416153	chr2	97000001	100000001
11	64009879	rs4672	locus_chr11_rs4672	63009879	65009879	chr11	64000001	67000001
15	91426560	rs4702	locus_chr15_rs4702	90426560	92426560	chr15	91000001	94000001
11	65848738	rs475805	locus_chr11_rs475805	64848738	66848738	chr11	65000001	68000001
17	1835482	rs4790841	locus_chr17_rs4790841	835482	2835482	chr17	1000001	4000001
22	41153879	rs5758064	locus_chr22_rs5758064	40153879	42153879	chr22	41000001	44000001
20	43944323	rs6032110	locus_chr20_rs6032110	42944323	44944323	chr20	43000001	46000001
17	38220432	rs61554907	locus_chr17_rs61554907	37220432	39220432	chr17	38000001	41000001
15	83531774	rs62011709	locus_chr15_rs62011709	82531774	84531774	chr15	83000001	86000001
8	9763581	rs62489493	locus_chr8_rs62489493	8763581	10763581	chr8	9000001	12000001
9	141066490	rs62581014	locus_chr9_rs62581014	140066490	142066490	chr9	141000001	144000001
20	43682551	rs67712855	locus_chr20_rs67712855	42682551	44682551	chr20	43000001	46000001
11	66324583	rs678397	locus_chr11_rs678397	65324583	67324583	chr11	66000001	69000001
5	78849505	rs6865469	locus_chr5_rs6865469	77849505	79849505	chr5	78000001	81000001
5	80961069	rs6887473	locus_chr5_rs6887473	79961069	81961069	chr5	80000001	83000001
7	131870597	rs6946056	locus_chr7_rs6946056	130870597	132870597	chr7	131000001	134000001
7	21492589	rs6954854	locus_chr7_rs6954854	20492589	22492589	chr7	21000001	24000001
3	107757060	rs696366	locus_chr3_rs696366	106757060	108757060	chr3	107000001	110000001
8	144993377	rs6992333	locus_chr8_rs6992333	143993377	145993377	chr8	144000001	147000001
16	9926348	rs7199910	locus_chr16_rs7199910	8926348	10926348	chr16	9000001	12000001
15	85149575	rs748455	locus_chr15_rs748455	84149575	86149575	chr15	85000001	88000001
3	36856030	rs9834970	locus_chr3_rs9834970	35856030	37856030	chr3	36000001	39000001
